<?xml version="1.0" encoding="UTF-8"?>
<l:dependencies xmlns:l='licenses' groupId='org.jenkins-ci.plugins' artifactId='credentials' version='2.2.0'><l:dependency name='Credentials Plugin' groupId='org.jenkins-ci.plugins' artifactId='credentials' version='2.2.0' url='https://wiki.jenkins.io/display/JENKINS/Credentials+Plugin'><l:description>This plugin allows you to store credentials in Jenkins.</l:description><l:license name='The MIT license' url='https://opensource.org/licenses/MIT'/></l:dependency><l:dependency name='abego TreeLayout Core' groupId='org.abego.treelayout' artifactId='org.abego.treelayout.core' version='1.0.1' url='http://code.google.com/p/treelayout/'><l:description>Efficient and customizable TreeLayout Algorithm in Java.</l:description><l:license name='BSD 3-Clause "New" or "Revised" License (BSD-3-Clause)' url='http://treelayout.googlecode.com/files/LICENSE.TXT'/></l:dependency><l:dependency name='ANTLR 4 Runtime' groupId='org.antlr' artifactId='antlr4-runtime' version='4.5' url='http://www.antlr.org'><l:description>The ANTLR 4 Runtime</l:description><l:license name='BSD 3-Clause License' url='http://opensource.org/licenses/BSD-3-Clause'/></l:dependency></l:dependencies>