<?xml version="1.0" encoding="UTF-8"?>
<l:dependencies xmlns:l='licenses' groupId='org.jenkins-ci.plugins' artifactId='jackson2-api' version='2.9.9'><l:dependency name='Jackson 2 API Plugin' groupId='org.jenkins-ci.plugins' artifactId='jackson2-api' version='2.9.9' url='https://wiki.jenkins.io/display/JENKINS/Jackson2+API+Plugin'><l:description>This plugin exposes the Jackson 2 JSON APIs to other Jenkins plugins.</l:description><l:license name='The Apache Software License, Version 2.0' url='http://www.apache.org/licenses/LICENSE-2.0.txt'/></l:dependency><l:dependency name='Jackson-module-parameter-names' groupId='com.fasterxml.jackson.module' artifactId='jackson-module-parameter-names' version='2.9.9' url='https://github.com/FasterXML/jackson-modules-java8/jackson-module-parameter-names'><l:description>Add-on module for Jackson (http://jackson.codehaus.org) to support
introspection of method/constructor parameter names, without having to add explicit property name annotation.</l:description><l:license name='The Apache Software License, Version 2.0' url='http://www.apache.org/licenses/LICENSE-2.0.txt'/></l:dependency><l:dependency name='Jackson datatype: JSR310' groupId='com.fasterxml.jackson.datatype' artifactId='jackson-datatype-jsr310' version='2.9.9' url='https://github.com/FasterXML/jackson-modules-java8/jackson-datatype-jsr310'><l:description>Add-on module to support JSR-310 (Java 8 Date &amp; Time API) data types.</l:description><l:license name='The Apache Software License, Version 2.0' url='http://www.apache.org/licenses/LICENSE-2.0.txt'/></l:dependency><l:dependency name='Jackson-core' groupId='com.fasterxml.jackson.core' artifactId='jackson-core' version='2.9.9' url='https://github.com/FasterXML/jackson-core'><l:description>Core Jackson processing abstractions (aka Streaming API), implementation for JSON</l:description><l:license name='The Apache Software License, Version 2.0' url='http://www.apache.org/licenses/LICENSE-2.0.txt'/></l:dependency><l:dependency name='jackson-databind' groupId='com.fasterxml.jackson.core' artifactId='jackson-databind' version='2.9.9' url='http://github.com/FasterXML/jackson'><l:description>General data-binding functionality for Jackson: works on core streaming API</l:description><l:license name='The Apache Software License, Version 2.0' url='http://www.apache.org/licenses/LICENSE-2.0.txt'/></l:dependency><l:dependency name='Jackson-annotations' groupId='com.fasterxml.jackson.core' artifactId='jackson-annotations' version='2.9.0' url='http://github.com/FasterXML/jackson'><l:description>Core annotations used for value types, used by Jackson data binding package.</l:description><l:license name='The Apache Software License, Version 2.0' url='http://www.apache.org/licenses/LICENSE-2.0.txt'/></l:dependency><l:dependency name='Jackson datatype: jdk8' groupId='com.fasterxml.jackson.datatype' artifactId='jackson-datatype-jdk8' version='2.9.9' url='https://github.com/FasterXML/jackson-modules-java8/jackson-datatype-jdk8'><l:description>Add-on module for Jackson (http://jackson.codehaus.org) to support
JDK 8 data types.</l:description><l:license name='The Apache Software License, Version 2.0' url='http://www.apache.org/licenses/LICENSE-2.0.txt'/></l:dependency><l:dependency name='Jackson module: JAXB Annotations' groupId='com.fasterxml.jackson.module' artifactId='jackson-module-jaxb-annotations' version='2.9.9' url='https://github.com/FasterXML/jackson-modules-base'><l:description>Support for using JAXB annotations as an alternative to "native" Jackson annotations, for configuring
data-binding.</l:description><l:license name='The Apache Software License, Version 2.0' url='http://www.apache.org/licenses/LICENSE-2.0.txt'/></l:dependency></l:dependencies>