<?xml version="1.0" encoding="UTF-8"?>
<l:dependencies xmlns:l='licenses' groupId='org.jenkins-ci.plugins' artifactId='git' version='3.10.0'><l:dependency name='Jenkins Git plugin' groupId='org.jenkins-ci.plugins' artifactId='git' version='3.10.0' url='http://wiki.jenkins-ci.org/display/JENKINS/Git+Plugin'><l:description>Integrates Jenkins with GIT SCM</l:description><l:license name='The MIT License (MIT)' url='http://opensource.org/licenses/MIT'/></l:dependency><l:dependency name='Joda-Time' groupId='joda-time' artifactId='joda-time' version='2.9.5' url='http://www.joda.org/joda-time/'><l:description>Date and time library to replace JDK date handling</l:description><l:license name='Apache 2' url='http://www.apache.org/licenses/LICENSE-2.0.txt'/></l:dependency><l:dependency name='Apache HttpCore' groupId='org.apache.httpcomponents' artifactId='httpcore' version='4.4.6' url='http://hc.apache.org/httpcomponents-core-ga'><l:description>Apache HttpComponents Core (blocking I/O)</l:description><l:license name='Apache License, Version 2.0' url='http://www.apache.org/licenses/LICENSE-2.0.txt'/></l:dependency><l:dependency name='Apache Commons Net' groupId='commons-net' artifactId='commons-net' version='3.6' url='http://commons.apache.org/proper/commons-net/'><l:description>Apache Commons Net library contains a collection of network utilities and protocol implementations.
Supported protocols include: Echo, Finger, FTP, NNTP, NTP, POP3(S), SMTP(S), Telnet, Whois</l:description><l:license name='Apache License, Version 2.0' url='https://www.apache.org/licenses/LICENSE-2.0.txt'/></l:dependency><l:dependency name='Apache HttpClient' groupId='org.apache.httpcomponents' artifactId='httpclient' version='4.5.3' url='http://hc.apache.org/httpcomponents-client'><l:description>Apache HttpComponents Client</l:description><l:license name='Apache License, Version 2.0' url='http://www.apache.org/licenses/LICENSE-2.0.txt'/></l:dependency></l:dependencies>