<l:dependencies xmlns:l='licenses' version='1.32' artifactId='gradle-plugin' groupId='org.jenkins-ci.plugins'>
  <l:dependency version='1.32' artifactId='gradle-plugin' groupId='org.jenkins-ci.plugins' name='Gradle Plugin' url='https://wiki.jenkins.io/display/JENKINS/Gradle+Plugin'>
    <l:description>This plugin adds Gradle support to Jenkins</l:description>
    <l:license url='https://opensource.org/licenses/MIT' name='MIT License' />
  </l:dependency>
  <l:dependency version='0.1' artifactId='dry-run-lib' groupId='org.jenkins-ci.lib' name='' url=''>
    <l:description></l:description>
  </l:dependency>
</l:dependencies>